[
  {"title":"Oppenheimer","poster":"images/oppenheimer.jpg"},
  {"title":"Dune: Partea II","poster":"images/dune2.jpg"},
  {"title":"The Shawshank Redemption","poster":"images/shawshank.jpg"},
  {"title":"The Godfather","poster":"images/godfather.jpg"},
  {"title":"Inception","poster":"images/inception.jpg"},
  {"title":"The Matrix","poster":"images/matrix.jpg"},
  {"title":"Star Wars: The Empire Strikes Back","poster":"images/star-wars-empire.jfif"},
  {"title":"The Lord of the Rings: The Return of the King","poster":"images/lord-of-the-rings.jpg"},
  {"title":"Pulp Fiction","poster":"images/pulp-fiction.jpg"}
]